project|fund|subgrants
0WM|Core|https://nlnet.nl/project/0WM
2D-graphics-hardware|Core|https://nlnet.nl/project/2D-graphics-hardware
4G_FOSS|Review|https://nlnet.nl/project/4G_FOSS
5C|Commons|https://nlnet.nl/project/5C
5G-baseband-emulation|Core|https://nlnet.nl/project/5G-baseband-emulation
AccessibleSecurity|Review|https://nlnet.nl/project/AccessibleSecurity
AccessKit-iOS|Commons|https://nlnet.nl/project/AccessKit-iOS
ActivityPods|Entrust;Commons|https://nlnet.nl/project/ActivityPods;https://nlnet.nl/project/ActivityPods-3.0
Ada-bootstrap|Commons|https://nlnet.nl/project/Ada-bootstrap
Admin NGI0 Commons|Commons|https://nlnet.nl/project/Admin NGI0 Commons
Aerogramme|Review;Commons|https://nlnet.nl/project/Aerogramme;https://nlnet.nl/project/Aerogramme-1.0
Agorakit|Entrust|https://nlnet.nl/project/Agorakit
AI-VPN|Core;Review|https://nlnet.nl/project/AI-VPN;https://nlnet.nl/project/AI-Horde
Aiohttp-typecheck|Commons|https://nlnet.nl/project/Aiohttp-typecheck
Alaveteli|Commons|https://nlnet.nl/project/Alaveteli;https://nlnet.nl/project/Alaveteli-GDPR-Search
AlderLake|Review|https://nlnet.nl/project/AlderLake
AlekSIS|Entrust;Core|https://nlnet.nl/project/AlekSIS;https://nlnet.nl/project/AlekSIS-SCIM
Aleph|Review|https://nlnet.nl/project/Aleph
Alive2|Core|https://nlnet.nl/project/Alive2
allowd|Commons|https://nlnet.nl/project/allowd
Alps|Commons|https://nlnet.nl/project/Alps
Amaranth-HDL|Commons|https://nlnet.nl/project/Amaranth-HDL
AMSL|Review|https://nlnet.nl/project/AMSL
AnalyticsMicroservice|Commons|https://nlnet.nl/project/AnalyticsMicroservice
ApacheFineract|Commons|https://nlnet.nl/project/ApacheFineract
Apicula|Entrust|https://nlnet.nl/project/Apicula;https://nlnet.nl/project/Apicula-IOprimitives
AppInterception|Entrust|https://nlnet.nl/project/AppInterception
Applied-Perspectives|Entrust|https://nlnet.nl/project/Applied-Perspectives
Arcan-A12|Entrust;Core|https://nlnet.nl/project/Arcan-A12;https://nlnet.nl/project/Arcan-A12-directory;https://nlnet.nl/project/Arcan-A12-tools
Archiyou|Commons|https://nlnet.nl/project/Archiyou
Arexera|Review|https://nlnet.nl/project/Arexera
ARMify|Entrust|https://nlnet.nl/project/ARMify
arpa2-nginx|Review|https://nlnet.nl/project/arpa2-nginx
AtomicData|Review|https://nlnet.nl/project/AtomicData
AtomicServer-LocalFirst|Commons|https://nlnet.nl/project/AtomicServer-LocalFirst
AtomicTables|Entrust|https://nlnet.nl/project/AtomicTables
AuthenticatedDNSSECbootstrap|Review|https://nlnet.nl/project/AuthenticatedDNSSECbootstrap
AuthenticatedHeads|Review|https://nlnet.nl/project/AuthenticatedHeads
Authlib|Commons|https://nlnet.nl/project/Authlib
Autocrypt|Review|https://nlnet.nl/project/Autocrypt
Automerge-MST|Core|https://nlnet.nl/project/Automerge-MST
AVantGaRDe|Entrust|https://nlnet.nl/project/AVantGaRDe
Bab|Commons|https://nlnet.nl/project/Bab
Babelia|Review|https://nlnet.nl/project/Babelia
Back2source|Entrust;Core|https://nlnet.nl/project/Back2source;https://nlnet.nl/project/Back2source-next
badkeys|Core|https://nlnet.nl/project/badkeys
Balthazar|Review;Entrust|https://nlnet.nl/project/Balthazar;https://nlnet.nl/project/Balthazar-Casing;https://nlnet.nl/project/Balthazar-Prototype
Bana|Entrust|https://nlnet.nl/project/Bana
BB3-CM4|Entrust;Commons|https://nlnet.nl/project/BB3-CM4;https://nlnet.nl/project/BB3-CM5
BBB-interpretation|Core|https://nlnet.nl/project/BBB-interpretation
BBBsecureChat|Review|https://nlnet.nl/project/BBBsecureChat
bcachefs|Commons;Entrust|https://nlnet.nl/project/bcachefs;https://nlnet.nl/project/bcachefs-crypto-API
BeaconDB|Commons|https://nlnet.nl/project/BeaconDB
betrusted|Review|https://nlnet.nl/project/betrusted
BetrustedOS|Review|https://nlnet.nl/project/BetrustedOS
BetrustedSoftware|Review|https://nlnet.nl/project/BetrustedSoftware
BetrustedStorage|Review|https://nlnet.nl/project/BetrustedStorage
bewCloud|Review|https://nlnet.nl/project/bewCloud
BGP-ForgedOrigin|Core|https://nlnet.nl/project/BGP-ForgedOrigin
BIDS|Core|https://nlnet.nl/project/BIDS
BigBlueButton|Commons|https://nlnet.nl/project/BigBlueButton
bitmask|Review|https://nlnet.nl/project/bitmask
Blink-Windows|Entrust;Review|https://nlnet.nl/project/Blink-Windows;https://nlnet.nl/project/Blink-OTR-OpenPGP
BlinkRELOAD|Review|https://nlnet.nl/project/BlinkRELOAD
BlockNote|Entrust|https://nlnet.nl/project/BlockNote
bluetuith|Core|https://nlnet.nl/project/bluetuith
Bonfire|Review;Entrust|https://nlnet.nl/project/Bonfire;https://nlnet.nl/project/Bonfire-FederatedGroups;https://nlnet.nl/project/Bonfire-Framework
Borg|Commons|https://nlnet.nl/project/Borg
Bottles|Commons|https://nlnet.nl/project/Bottles
BrailleRAP|Entrust|https://nlnet.nl/project/BrailleRAP
Briar|Review|https://nlnet.nl/project/Briar
BrowserAudit|Core|https://nlnet.nl/project/BrowserAudit
Bubble-up|Commons|https://nlnet.nl/project/Bubble-up
BuildTracing|Core|https://nlnet.nl/project/BuildTracing
C-Cpp-packages|Commons|https://nlnet.nl/project/C-Cpp-packages
cables.gl|Commons;Entrust|https://nlnet.nl/project/cables.gl;https://nlnet.nl/project/cables.gl-editorfeatures
CAKE-Maint|Core|https://nlnet.nl/project/CAKE-Maint
Canaille|Entrust|https://nlnet.nl/project/Canaille
Capability-based-RedoxOS|Commons|https://nlnet.nl/project/Capability-based-RedoxOS
CARGO|Commons|https://nlnet.nl/project/CARGO
Cartes|Core|https://nlnet.nl/project/Cartes
Castopod|Review|https://nlnet.nl/project/Castopod
CastopodMobile|Review|https://nlnet.nl/project/CastopodMobile
CastopodPlugins|Entrust|https://nlnet.nl/project/CastopodPlugins
Charon|Entrust|https://nlnet.nl/project/Charon
ChipDesignFramework|Review|https://nlnet.nl/project/ChipDesignFramework
Chipflasher|Review|https://nlnet.nl/project/Chipflasher
Chips4Makers|Review|https://nlnet.nl/project/Chips4Makers
Chromebook-UEFI|Entrust|https://nlnet.nl/project/Chromebook-UEFI
Circuitpainter|Commons|https://nlnet.nl/project/Circuitpainter
CityBikes|Commons|https://nlnet.nl/project/CityBikes
claim.li|Commons|https://nlnet.nl/project/claim.li
ClassQuiz|Commons|https://nlnet.nl/project/ClassQuiz
Clearance|Commons|https://nlnet.nl/project/Clearance
CloudHostingServicePortability|Entrust|https://nlnet.nl/project/CloudHostingServicePortability
CNSPRCY|Review|https://nlnet.nl/project/CNSPRCY
COBOL-compiler|Commons|https://nlnet.nl/project/COBOL-compiler
CodeGenetics|Commons|https://nlnet.nl/project/CodeGenetics
CoinDiscovery|Review|https://nlnet.nl/project/CoinDiscovery
Collaborative-Miru|Commons|https://nlnet.nl/project/Collaborative-Miru
Coloquinte|Entrust|https://nlnet.nl/project/Coloquinte
Commune|Entrust|https://nlnet.nl/project/Commune
Communecter|Core|https://nlnet.nl/project/Communecter
ConnectByName|Review|https://nlnet.nl/project/ConnectByName
Conversations|Review|https://nlnet.nl/project/Conversations
Converse-Mobile|Commons|https://nlnet.nl/project/Converse-Mobile;https://nlnet.nl/project/Converse-Microblogging;https://nlnet.nl/project/Converse.js-OMEMO
Convo|Commons|https://nlnet.nl/project/Convo
Conzept|Review|https://nlnet.nl/project/Conzept
Coreboot-Phoenix|Commons|https://nlnet.nl/project/Coreboot-Phoenix;https://nlnet.nl/project/Coreboot-Phoenix-AM5
Coriolis|Commons|https://nlnet.nl/project/Coriolis
Coriolis2|Entrust|https://nlnet.nl/project/Coriolis2
CortezaActivityPub|Review|https://nlnet.nl/project/CortezaActivityPub
CortezaDiscovery|Review|https://nlnet.nl/project/CortezaDiscovery
CortezaFederationPrivacy|Review|https://nlnet.nl/project/CortezaFederationPrivacy
cPDF-UA|Entrust|https://nlnet.nl/project/cPDF-UA
CRAVEX|Core;Entrust|https://nlnet.nl/project/CRAVEX;https://nlnet.nl/project/CRAVEX-integration
CRAVEX2-codereachability|Core|https://nlnet.nl/project/CRAVEX2-codereachability
CreativePassport|Review|https://nlnet.nl/project/CreativePassport
Cross-root-ARIA|Core|https://nlnet.nl/project/Cross-root-ARIA
CryptoLyzer|Review|https://nlnet.nl/project/CryptoLyzer
Cryptpad|Entrust;Review;Commons|https://nlnet.nl/project/Cryptpad;https://nlnet.nl/project/CryptPad-Blueprints;https://nlnet.nl/project/Cryptpad-Communities;https://nlnet.nl/project/CryptPad-Notes;https://nlnet.nl/project/Cryptpad-scaling
CryptPadForms|Review|https://nlnet.nl/project/CryptPadForms
CSS-AMD|Entrust;Commons|https://nlnet.nl/project/CSS-AMD;https://nlnet.nl/project/CSS-Print
Cuirass|Review|https://nlnet.nl/project/Cuirass
curve25519-dalek|Entrust|https://nlnet.nl/project/curve25519-dalek
DANCE4All|Entrust|https://nlnet.nl/project/DANCE4All
Darkstar|Core|https://nlnet.nl/project/Darkstar
Dat-Private|Review|https://nlnet.nl/project/Dat-Private
DatamiPods|Commons|https://nlnet.nl/project/DatamiPods
DataPackage-TS|Commons|https://nlnet.nl/project/DataPackage-TS
Dataspaces|Review|https://nlnet.nl/project/Dataspaces
DAVx5|Entrust|https://nlnet.nl/project/DAVx5
DCnets|Review|https://nlnet.nl/project/DCnets
DecidimRevamp|Commons|https://nlnet.nl/project/DecidimRevamp
DeltaBot|Review|https://nlnet.nl/project/DeltaBot
DeltaTauri|Entrust|https://nlnet.nl/project/DeltaTauri
DeltaTouch|Entrust|https://nlnet.nl/project/DeltaTouch
DeviceCode|Entrust|https://nlnet.nl/project/DeviceCode
DID-SASL|Commons|https://nlnet.nl/project/DID-SASL
Diesel|Core|https://nlnet.nl/project/Diesel
Dino|Review;Commons|https://nlnet.nl/project/Dino;https://nlnet.nl/project/Dino-UX
DistributedShepherd|Entrust|https://nlnet.nl/project/DistributedShepherd
DistributedTrust|Review|https://nlnet.nl/project/DistributedTrust
django-allauth|Entrust|https://nlnet.nl/project/django-allauth
DjNRO|Commons|https://nlnet.nl/project/DjNRO
DMT-Core|Entrust|https://nlnet.nl/project/DMT-Core
DNSvizor|Entrust|https://nlnet.nl/project/DNSvizor
Dokieli|Entrust;Commons|https://nlnet.nl/project/Dokieli;https://nlnet.nl/project/Dokieli-Collaborative
DolphinAuth|Entrust|https://nlnet.nl/project/DolphinAuth
Draupnir|Core|https://nlnet.nl/project/Draupnir
dream2nix|Review|https://nlnet.nl/project/dream2nix;https://nlnet.nl/project/Dream2nix-Python
Drupal-AP-recipes|Commons|https://nlnet.nl/project/Drupal-AP-recipes
DUT-Control|Entrust|https://nlnet.nl/project/DUT-Control
dweb-search|Review|https://nlnet.nl/project/dweb-search
ECL|Commons|https://nlnet.nl/project/ECL
Econet-Linux-mainline|Commons|https://nlnet.nl/project/Econet-Linux-mainline
Edalize-ASIC|Review|https://nlnet.nl/project/Edalize-ASIC
EDeA-measurements|Review|https://nlnet.nl/project/EDeA-measurements
EEZ-DIB|Review;Entrust|https://nlnet.nl/project/EEZ-DIB;https://nlnet.nl/project/EEZ-Studio
EEZflow|Entrust|https://nlnet.nl/project/EEZflow
EFI-BSD|Review|https://nlnet.nl/project/EFI-BSD
EGIL-SCIM|Review|https://nlnet.nl/project/EGIL-SCIM
ejabberd-invites|Commons|https://nlnet.nl/project/ejabberd-invites
ElectronicsHub|Review|https://nlnet.nl/project/ElectronicsHub
ELF-rusttools|Entrust|https://nlnet.nl/project/ELF-rusttools
Elm-Matrix-SDK|Entrust|https://nlnet.nl/project/Elm-Matrix-SDK
elrepo_io|Review|https://nlnet.nl/project/elrepo_io
Emailforexpertnews|Review|https://nlnet.nl/project/Emailforexpertnews
EmailPorting|Review|https://nlnet.nl/project/EmailPorting
EmailXMPPgateway|Core|https://nlnet.nl/project/EmailXMPPgateway
embedded-cal|Commons|https://nlnet.nl/project/embedded-cal
Empowering-Mobilizon|Commons|https://nlnet.nl/project/Empowering-Mobilizon
EPE|Commons|https://nlnet.nl/project/EPE
Erik-RPKI|Commons|https://nlnet.nl/project/Erik-RPKI
ESP32-async-MAC|Core;Commons|https://nlnet.nl/project/ESP32-async-MAC;https://nlnet.nl/project/ESP32-opendrivers
Etesync-iOS|Review|https://nlnet.nl/project/Etesync-iOS;https://nlnet.nl/project/EteSync-Thunderbird
EteSyncEnhancements|Review|https://nlnet.nl/project/EteSyncEnhancements
Ethersync|Core|https://nlnet.nl/project/Ethersync
EthicalApps|Review|https://nlnet.nl/project/EthicalApps
EventFahrplan|Entrust|https://nlnet.nl/project/EventFahrplan
EveryDoor|Commons|https://nlnet.nl/project/EveryDoor
EVQI|Commons|https://nlnet.nl/project/EVQI
Exter|Core|https://nlnet.nl/project/Exter
F-Droid-Trackers|Review|https://nlnet.nl/project/F-Droid-Trackers
F3D|Commons|https://nlnet.nl/project/F3D
f8|Core|https://nlnet.nl/project/f8
FABulous-SoC|Entrust|https://nlnet.nl/project/FABulous-SoC
Faircamp|Entrust|https://nlnet.nl/project/Faircamp
FairSync|Review|https://nlnet.nl/project/FairSync
FastScan|Core|https://nlnet.nl/project/FastScan
FastWave|Entrust|https://nlnet.nl/project/FastWave
FeatherUI|Core|https://nlnet.nl/project/FeatherUI
Federated-Forgejo|Entrust|https://nlnet.nl/project/Federated-Forgejo
FederatedCodeNext|Commons|https://nlnet.nl/project/FederatedCodeNext
FederatedSoftwareMetadata|Entrust|https://nlnet.nl/project/FederatedSoftwareMetadata
FediMod|Entrust|https://nlnet.nl/project/FediMod
fediverse_space|Review;Commons|https://nlnet.nl/project/fediverse_space;https://nlnet.nl/project/Fediverse-event-interop
FediverseTestFramework|Core|https://nlnet.nl/project/FediverseTestFramework
FediverseTestsuite|Core|https://nlnet.nl/project/FediverseTestsuite
FedSearx|Review|https://nlnet.nl/project/FedSearx
Felix86|Commons|https://nlnet.nl/project/Felix86
Fidus-modularisation|Commons|https://nlnet.nl/project/Fidus-modularisation
FidusWriter|Entrust|https://nlnet.nl/project/FidusWriter
Firefox-linuxmobile|Core|https://nlnet.nl/project/Firefox-linuxmobile
FirstClassify|Review|https://nlnet.nl/project/FirstClassify
Flarum|Entrust|https://nlnet.nl/project/Flarum
Flashkeeper|Core|https://nlnet.nl/project/Flashkeeper
Flatline|Commons|https://nlnet.nl/project/Flatline
Fleetbase-Solid|Entrust|https://nlnet.nl/project/Fleetbase-Solid
FlockXR|Commons|https://nlnet.nl/project/FlockXR
Flohmarkt|Commons|https://nlnet.nl/project/Flohmarkt
FlopEDT|Commons|https://nlnet.nl/project/FlopEDT
foaHandler|Core|https://nlnet.nl/project/foaHandler
FolksonomyEngine|Review|https://nlnet.nl/project/FolksonomyEngine
Follow-me-slideshow|Commons|https://nlnet.nl/project/Follow-me-slideshow
ForgeFed|Review;Core;Entrust|https://nlnet.nl/project/ForgeFed;https://nlnet.nl/project/ForgeFed-frontend;https://nlnet.nl/project/ForgeFed-RPC
ForgeFlux|Entrust|https://nlnet.nl/project/ForgeFlux
Forgejo|Entrust;Commons|https://nlnet.nl/project/Forgejo;https://nlnet.nl/project/Forgejo-workflow;https://nlnet.nl/project/Forgejo-workflow
Formulas|Commons|https://nlnet.nl/project/Formulas
FOSS-Warn|Core;Entrust|https://nlnet.nl/project/FOSS-Warn;https://nlnet.nl/project/FOSS-supplychain-II
FPGA-Inject|Core;Entrust|https://nlnet.nl/project/FPGA-Inject;https://nlnet.nl/project/FPGA-ISP-UVC-USB2
Fractal|Review|https://nlnet.nl/project/Fractal
FrameworksFraming|Commons|https://nlnet.nl/project/FrameworksFraming
FreeCAD-IFC|Entrust|https://nlnet.nl/project/FreeCAD-IFC
Freenet-Routing|Review|https://nlnet.nl/project/Freenet-Routing
Frictionless-Libs|Commons|https://nlnet.nl/project/Frictionless-Libs
FrictionlessStandards|Entrust|https://nlnet.nl/project/FrictionlessStandards
Frugal-EDA|Core|https://nlnet.nl/project/Frugal-EDA
Funkwhale|Entrust;Review;Commons|https://nlnet.nl/project/Funkwhale;https://nlnet.nl/project/Funkwhale-AP;https://nlnet.nl/project/FunkWhale-Federation
FuseSoC-catalog|Commons|https://nlnet.nl/project/FuseSoC-catalog
fwdup-BSD|Review|https://nlnet.nl/project/fwdup-BSD
Galene|Core|https://nlnet.nl/project/Galene
Gancio|Core|https://nlnet.nl/project/Gancio
Garage|Commons;Entrust|https://nlnet.nl/project/Garage;https://nlnet.nl/project/Garage-AdminUI
GateMate-USB3-PHY|Commons|https://nlnet.nl/project/GateMate-USB3-PHY
Gateware-Repository|Core|https://nlnet.nl/project/Gateware-Repository
Genealogos|Entrust|https://nlnet.nl/project/Genealogos
Geolexica-Reverse|Review|https://nlnet.nl/project/Geolexica-Reverse
Geoloquent|Commons|https://nlnet.nl/project/Geoloquent
Gitea|Review|https://nlnet.nl/project/Gitea
GnomeCalls-DTLS-SRTP|Commons|https://nlnet.nl/project/GnomeCalls-DTLS-SRTP
GNS|Review;Entrust|https://nlnet.nl/project/GNS;https://nlnet.nl/project/GNS-Zone
GNU-Octave-datatypes|Commons|https://nlnet.nl/project/GNU-Octave-datatypes
Gnucap-VerilogAMS|Entrust;Commons|https://nlnet.nl/project/Gnucap-VerilogAMS;https://nlnet.nl/project/Gnucap-MixedSignals;https://nlnet.nl/project/Gnucap-performance
GNUMes|Review|https://nlnet.nl/project/GNUMes;https://nlnet.nl/project/GNUMes-arm;https://nlnet.nl/project/GNUMes-fullsource
gnunet|Review;Entrust;Core|https://nlnet.nl/project/gnunet;https://nlnet.nl/project/GNUnet-Android;https://nlnet.nl/project/GNUnet-CONG;https://nlnet.nl/project/GNUnet-L2;https://nlnet.nl/project/GNUnet-Messenger
GNUSocial|Review|https://nlnet.nl/project/GNUSocial
GNUTaler|Review;Entrust|https://nlnet.nl/project/GNUTaler;https://nlnet.nl/project/GNUTaler-LocalCurrencies
GoActivityPub|Commons|https://nlnet.nl/project/GoActivityPub
GoatCounter|Review|https://nlnet.nl/project/GoatCounter
GorgonCI|Entrust|https://nlnet.nl/project/GorgonCI
GoToSocial|Entrust;Commons|https://nlnet.nl/project/GoToSocial;https://nlnet.nl/project/GoToSocial-1.0;https://nlnet.nl/project/GoToSocial-scale
Goupile|Core|https://nlnet.nl/project/Goupile
GPGLacre|Review|https://nlnet.nl/project/GPGLacre
GPGPU|Core|https://nlnet.nl/project/GPGPU
Gradle from source|Review|https://nlnet.nl/project/Gradle from source
GraphDatabaseSearch|Review|https://nlnet.nl/project/GraphDatabaseSearch
Graphite|Commons|https://nlnet.nl/project/Graphite
Grate|Core|https://nlnet.nl/project/Grate
GreenWebSearch|Review|https://nlnet.nl/project/GreenWebSearch
Guix-Hurd|Review;Commons|https://nlnet.nl/project/Guix-Hurd;https://nlnet.nl/project/Guix-bootstrap-Node.js;https://nlnet.nl/project/GUIX-securitytracking
GuixDaemon-Guile|Core|https://nlnet.nl/project/GuixDaemon-Guile
Haketilo|Review|https://nlnet.nl/project/Haketilo
HandyScanner|Review|https://nlnet.nl/project/HandyScanner
Haphaestus|Entrust|https://nlnet.nl/project/Haphaestus
happyDomain|Core|https://nlnet.nl/project/happyDomain
Hardware-2D|Entrust|https://nlnet.nl/project/Hardware-2D
HardwareManuals|Core|https://nlnet.nl/project/HardwareManuals
Haskell-OCAP|Entrust|https://nlnet.nl/project/Haskell-OCAP
HHS-SyncEngine|Core|https://nlnet.nl/project/HHS-SyncEngine
HiFi-CongestionControl|Core|https://nlnet.nl/project/HiFi-CongestionControl
Hockeypuck|Core|https://nlnet.nl/project/Hockeypuck
HoloRouting|Core|https://nlnet.nl/project/HoloRouting
Hop3-Nixified|Commons|https://nlnet.nl/project/Hop3-Nixified
HTTP-SASL-OAuth2|Commons|https://nlnet.nl/project/HTTP-SASL-OAuth2
https://nlnet.nl/project/lib25519-ARM64|Core;Review|https://nlnet.nl/project/https://nlnet.nl/project/lib25519-ARM64;https://nlnet.nl/project/https://nlnet.nl/project/Kaidan-Mediasharing
Hubzilla|Review;Commons|https://nlnet.nl/project/Hubzilla;https://nlnet.nl/project/Hubzilla-Superblock
Hurd-Audio|Review|https://nlnet.nl/project/Hurd-Audio
Husk|Commons|https://nlnet.nl/project/Husk
HVCC|Commons|https://nlnet.nl/project/HVCC
HyperHyperSpace|Review|https://nlnet.nl/project/HyperHyperSpace
Hypermachines|Entrust|https://nlnet.nl/project/Hypermachines
I2C-sensors|Commons|https://nlnet.nl/project/I2C-sensors
IBE|Review|https://nlnet.nl/project/IBE
Icebreaker|Review|https://nlnet.nl/project/Icebreaker
Icestudio|Entrust|https://nlnet.nl/project/Icestudio
Icosa-Gallery|Commons|https://nlnet.nl/project/Icosa-Gallery
IcosaGallery|Entrust|https://nlnet.nl/project/IcosaGallery
ImageCodes-Optimised|Core|https://nlnet.nl/project/ImageCodes-Optimised
ImmersiveXP|Commons|https://nlnet.nl/project/ImmersiveXP
IMSI-pseudonymisation|Review|https://nlnet.nl/project/IMSI-pseudonymisation
InCommon|Review|https://nlnet.nl/project/InCommon
Indigenous|Review|https://nlnet.nl/project/Indigenous
InDocumentSearch|Review|https://nlnet.nl/project/InDocumentSearch
InfiniteCanvas|Commons|https://nlnet.nl/project/InfiniteCanvas
Inko|Entrust|https://nlnet.nl/project/Inko
Inochi2D|Entrust|https://nlnet.nl/project/Inochi2D
InPlace|Review|https://nlnet.nl/project/InPlace
InternetCube|Review|https://nlnet.nl/project/InternetCube
Interpeer|Review|https://nlnet.nl/project/Interpeer
Inventaire|Entrust;Review|https://nlnet.nl/project/Inventaire;https://nlnet.nl/project/Inventaire-Self-hosted
Inventaire2|Review|https://nlnet.nl/project/Inventaire2
IotECC|Core|https://nlnet.nl/project/IotECC
IPDL-II|Core|https://nlnet.nl/project/IPDL-II
IPFS-search|Entrust|https://nlnet.nl/project/IPFS-search
IPv6-monostack|Core|https://nlnet.nl/project/IPv6-monostack
ipv6scanning|Review|https://nlnet.nl/project/ipv6scanning
Irdest|Review;Entrust;Core|https://nlnet.nl/project/Irdest;https://nlnet.nl/project/Irdest-OpenWRT-BLE;https://nlnet.nl/project/Irdest-Proxy;https://nlnet.nl/project/Irdest-Spec
Iris-P2P|Entrust|https://nlnet.nl/project/Iris-P2P
IRMA-made-easy|Review|https://nlnet.nl/project/IRMA-made-easy
IronCalc|Core;Commons|https://nlnet.nl/project/IronCalc;https://nlnet.nl/project/IronCalc-NC
Ironclad|Core|https://nlnet.nl/project/Ironclad
ISCC-CORE-ts|Core|https://nlnet.nl/project/ISCC-CORE-ts
iso14229|Core|https://nlnet.nl/project/iso14229
it|Entrust|https://nlnet.nl/project/it
iTowns|Commons|https://nlnet.nl/project/iTowns
jaq|Entrust|https://nlnet.nl/project/jaq
JellyfishOPP|Entrust|https://nlnet.nl/project/JellyfishOPP
JitsiMeet-E2E|Review|https://nlnet.nl/project/JitsiMeet-E2E
JShelter|Review;Entrust|https://nlnet.nl/project/JShelter;https://nlnet.nl/project/JShelter-Manifest-V3
JSON-Joy-Peritext|Core|https://nlnet.nl/project/JSON-Joy-Peritext
JSRestrictor|Review|https://nlnet.nl/project/JSRestrictor
Julia-DifferentialPrivacy|Review|https://nlnet.nl/project/Julia-DifferentialPrivacy
Kaidan|Commons;Entrust;Review|https://nlnet.nl/project/Kaidan;https://nlnet.nl/project/Kaidan-Auth;https://nlnet.nl/project/Kaidan-AV;https://nlnet.nl/project/Kaidan-Groups;https://nlnet.nl/project/Kaidan-MUC
Kaitai-Rust|Entrust;Commons|https://nlnet.nl/project/Kaitai-Rust;https://nlnet.nl/project/Kaitai-64bit
Kami|Core|https://nlnet.nl/project/Kami
Karrot|Review;Entrust|https://nlnet.nl/project/Karrot;https://nlnet.nl/project/Karrot-customroles
Katzen|Review|https://nlnet.nl/project/Katzen
KatzenMessenger|Entrust|https://nlnet.nl/project/KatzenMessenger
katzenpost|Review|https://nlnet.nl/project/katzenpost
Kazarma|Entrust;Review|https://nlnet.nl/project/Kazarma;https://nlnet.nl/project/Kazarma-Release
Kbin|Entrust|https://nlnet.nl/project/Kbin;https://nlnet.nl/project/Kbin-Mobile
KDE-Dolphin-a11y|Commons|https://nlnet.nl/project/KDE-Dolphin-a11y
Kdenlive|Commons|https://nlnet.nl/project/Kdenlive
KDEPlasma-Wayland|Core;Commons|https://nlnet.nl/project/KDEPlasma-Wayland;https://nlnet.nl/project/KDEPlasma-gestures
kdmap-patcher|Commons|https://nlnet.nl/project/kdmap-patcher
Keyoxide|Review|https://nlnet.nl/project/Keyoxide;https://nlnet.nl/project/Keyoxide-Mobile;https://nlnet.nl/project/Keyoxide-PKO;https://nlnet.nl/project/Keyoxide-signatures
keysigningsuite|Review|https://nlnet.nl/project/keysigningsuite
KG-PortalGenerator|Core|https://nlnet.nl/project/KG-PortalGenerator
KiCad-10|Core;Commons|https://nlnet.nl/project/KiCad-10;https://nlnet.nl/project/KiCad-IPC
KiKit|Entrust|https://nlnet.nl/project/KiKit
Kintex-nextpnr|Review|https://nlnet.nl/project/Kintex-nextpnr
KlusterLab-Wireguard|Entrust|https://nlnet.nl/project/KlusterLab-Wireguard
Kmail-Encryption|Review|https://nlnet.nl/project/Kmail-Encryption
Krill-BGP|Entrust|https://nlnet.nl/project/Krill-BGP
LabPlot|Core|https://nlnet.nl/project/LabPlot
Land|Commons|https://nlnet.nl/project/Land
LDAP-Synchro|Core|https://nlnet.nl/project/LDAP-Synchro
LDAPmiddleware|Review|https://nlnet.nl/project/LDAPmiddleware
LeanFTL|Commons|https://nlnet.nl/project/LeanFTL
Lemmur|Review|https://nlnet.nl/project/Lemmur
Lemmy|Review;Core;Entrust|https://nlnet.nl/project/Lemmy;https://nlnet.nl/project/Lemmy-PrivateCommunities;https://nlnet.nl/project/Lemmy-Scale
LemmyFed-AP|Review|https://nlnet.nl/project/LemmyFed-AP
Lens-FreeCAD-integration|Commons|https://nlnet.nl/project/Lens-FreeCAD-integration
lib1305|Core|https://nlnet.nl/project/lib1305
lib25519|Entrust|https://nlnet.nl/project/lib25519;https://nlnet.nl/project/lib25519-ARM
Liberaforms|Review;Entrust;Commons|https://nlnet.nl/project/Liberaforms;https://nlnet.nl/project/LiberaForms-E2EE;https://nlnet.nl/project/LiberaForms-Edu
Libervia|Review|https://nlnet.nl/project/Libervia;https://nlnet.nl/project/Libervia-AV
libgnunetutil|Commons|https://nlnet.nl/project/libgnunetutil
libnix|Core|https://nlnet.nl/project/libnix
Libre-RISCV|Entrust;Review;Commons|https://nlnet.nl/project/Libre-RISCV;https://nlnet.nl/project/Libre-Chip-proof;https://nlnet.nl/project/Libre-SOC-HPC;https://nlnet.nl/project/Libre-SOC-OpenPOWER-ISA;https://nlnet.nl/project/Libre.sh-SCIM
LibreCarControl|Entrust|https://nlnet.nl/project/LibreCarControl
Librecast-Studio|Core;Commons|https://nlnet.nl/project/Librecast-Studio;https://nlnet.nl/project/Librecast-OverlayMulticast
LibrecastLive|Review|https://nlnet.nl/project/LibrecastLive
LibreCastLiveStudio|Review|https://nlnet.nl/project/LibreCastLiveStudio
LibreCellular-CI|Entrust|https://nlnet.nl/project/LibreCellular-CI
LibreOffice-CRDT|Entrust|https://nlnet.nl/project/LibreOffice-CRDT
LibreOfficeP2P|Review|https://nlnet.nl/project/LibreOfficeP2P
LibrePCB|Entrust|https://nlnet.nl/project/LibrePCB
LibrePCB2.0|Commons|https://nlnet.nl/project/LibrePCB2.0
LibreQoS|Entrust;Core|https://nlnet.nl/project/LibreQoS;https://nlnet.nl/project/LibreQoS-2.1
LibreSilicon|Review;Commons|https://nlnet.nl/project/LibreSilicon;https://nlnet.nl/project/LibreSilicon-compiler;https://nlnet.nl/project/LibreSilicon-PadCellGen
LibreSiliconStandardCellLibrary|Review|https://nlnet.nl/project/LibreSiliconStandardCellLibrary
LibreSoC-Video|Review|https://nlnet.nl/project/LibreSoC-Video;https://nlnet.nl/project/LibreSoC-3Ddriver;https://nlnet.nl/project/LibreSOC-GigabitRouter;https://nlnet.nl/project/LibreSoC-Proofs;https://nlnet.nl/project/LibreSoC-Standards
librice|Commons|https://nlnet.nl/project/librice
libspng|Review;Entrust|https://nlnet.nl/project/libspng;https://nlnet.nl/project/libspng-animated
libvips|Core|https://nlnet.nl/project/libvips
Lightmeter|Review|https://nlnet.nl/project/Lightmeter
Liminix|Entrust|https://nlnet.nl/project/Liminix
linkblocks|Commons|https://nlnet.nl/project/linkblocks
LinkedDataHub|Review|https://nlnet.nl/project/LinkedDataHub
LinuxFirewall|Review|https://nlnet.nl/project/LinuxFirewall
LiteX|Entrust|https://nlnet.nl/project/LiteX
live-bootstrap|Core|https://nlnet.nl/project/live-bootstrap
Livebook-Python|Commons|https://nlnet.nl/project/Livebook-Python
LLM2FPGA|Commons|https://nlnet.nl/project/LLM2FPGA
LO-Online|Entrust;Core;Review|https://nlnet.nl/project/LO-Online;https://nlnet.nl/project/LO-Accessible;https://nlnet.nl/project/LO-Bookproject;https://nlnet.nl/project/LO-Typography
LocalShield|Core|https://nlnet.nl/project/LocalShield
Loops|Core|https://nlnet.nl/project/Loops
Lucid-Platforms|Commons|https://nlnet.nl/project/Lucid-Platforms
LumoSQL|Review|https://nlnet.nl/project/LumoSQL
Luna|Review;Commons|https://nlnet.nl/project/Luna;https://nlnet.nl/project/LUNA-USB
LunaPnR|Entrust|https://nlnet.nl/project/LunaPnR
Macaw|Commons|https://nlnet.nl/project/Macaw
MacBookLiberation|Entrust|https://nlnet.nl/project/MacBookLiberation
Machdyne|Entrust|https://nlnet.nl/project/Machdyne
machine-check|Core|https://nlnet.nl/project/machine-check
MachineReadable-sq|Commons|https://nlnet.nl/project/MachineReadable-sq
MAD|Entrust|https://nlnet.nl/project/MAD
MaDada|Review|https://nlnet.nl/project/MaDada
MaemoLeste|Review;Commons|https://nlnet.nl/project/MaemoLeste;https://nlnet.nl/project/MaemoLeste-AppArmour
MailBox|Core|https://nlnet.nl/project/MailBox
Mailpile|Review|https://nlnet.nl/project/Mailpile
Mailpile2-Moggie|Entrust|https://nlnet.nl/project/Mailpile2-Moggie
Makatea|Entrust|https://nlnet.nl/project/Makatea
Manas|Entrust|https://nlnet.nl/project/Manas
Mangaki|Review|https://nlnet.nl/project/Mangaki
Manyfold-XR|Commons|https://nlnet.nl/project/Manyfold-XR;https://nlnet.nl/project/Manyfold-Discovery
Manyverse|Review|https://nlnet.nl/project/Manyverse
Mapcomplete|Entrust|https://nlnet.nl/project/Mapcomplete
Marginalia|Entrust|https://nlnet.nl/project/Marginalia
MariaDB-catalogs|Entrust|https://nlnet.nl/project/MariaDB-catalogs
MassiveFOSSscan|Commons|https://nlnet.nl/project/MassiveFOSSscan
Mastodon|Review;Entrust;Commons|https://nlnet.nl/project/Mastodon;https://nlnet.nl/project/Mastodon-for-institutions;https://nlnet.nl/project/Mastodon-Quoting
Mautic-CampaignLibrary|Commons|https://nlnet.nl/project/Mautic-CampaignLibrary
MauticPortability|Commons|https://nlnet.nl/project/MauticPortability
MavenHeaven|Commons|https://nlnet.nl/project/MavenHeaven
mCaptcha|Entrust|https://nlnet.nl/project/mCaptcha
Mega65|Core;Review|https://nlnet.nl/project/Mega65;https://nlnet.nl/project/MEGA65-MVP
Mepo|Review|https://nlnet.nl/project/Mepo
MeshSearch|Review|https://nlnet.nl/project/MeshSearch
Meta-Presses|Review;Entrust|https://nlnet.nl/project/Meta-Presses;https://nlnet.nl/project/Meta-Press.es-modularity;https://nlnet.nl/project/Meta-Presses-scaleup
mikroPhone|Entrust|https://nlnet.nl/project/mikroPhone
minedive|Review|https://nlnet.nl/project/minedive
MinetestEdu|Entrust|https://nlnet.nl/project/MinetestEdu
minipgp6|Commons|https://nlnet.nl/project/minipgp6
MirageOS-Wireguard|Commons|https://nlnet.nl/project/MirageOS-Wireguard
Mirlo|Commons|https://nlnet.nl/project/Mirlo
Miru|Core|https://nlnet.nl/project/Miru
Misskey|Core|https://nlnet.nl/project/Misskey
mitmproxy|Entrust|https://nlnet.nl/project/mitmproxy
MNT-Reform|Review;Entrust;Commons|https://nlnet.nl/project/MNT-Reform;https://nlnet.nl/project/MNT-Reform-Next;https://nlnet.nl/project/MNT-Reform-Touch
mobile-nixos|Review;Commons|https://nlnet.nl/project/mobile-nixos;https://nlnet.nl/project/Mobile-Typst-editor
MobileAtlas|Entrust;Review|https://nlnet.nl/project/MobileAtlas;https://nlnet.nl/project/MobileAtlas-5G
MobileSettings|Core|https://nlnet.nl/project/MobileSettings
MobileTestFarm|Review|https://nlnet.nl/project/MobileTestFarm
Mobilizon|Core;Review|https://nlnet.nl/project/Mobilizon;https://nlnet.nl/project/Mobilizon-UX
MoboSearch|Review|https://nlnet.nl/project/MoboSearch
Mobroute|Entrust|https://nlnet.nl/project/Mobroute
Modos|Entrust|https://nlnet.nl/project/Modos
Modular-OTA|Commons|https://nlnet.nl/project/Modular-OTA
Mollymawk|Core|https://nlnet.nl/project/Mollymawk
Monal-IM-UI|Entrust|https://nlnet.nl/project/Monal-IM-UI
Monorepo development NGI0 Core|Core;Entrust;Review|https://nlnet.nl/project/Monorepo development NGI0 Core;https://nlnet.nl/project/Monorepo development NGI0 Entrust;https://nlnet.nl/project/Monorepo development NGI0 Review
Mosaic|Review|https://nlnet.nl/project/Mosaic
MOSFET-testprocedures|Commons|https://nlnet.nl/project/MOSFET-testprocedures
MOTIS|Commons|https://nlnet.nl/project/MOTIS
MoveData|Core|https://nlnet.nl/project/MoveData
Movim-OMEMO|Core;Review|https://nlnet.nl/project/Movim-OMEMO;https://nlnet.nl/project/Movim-E2EE-video
Mox|Entrust;Core|https://nlnet.nl/project/Mox;https://nlnet.nl/project/Mox-Automation
MPTCP-C-Flag|Core;Commons|https://nlnet.nl/project/MPTCP-C-Flag;https://nlnet.nl/project/MPTCP-deployability;https://nlnet.nl/project/MPTCP-deployability-II
MT818x_MT819x-firmware|Core|https://nlnet.nl/project/MT818x_MT819x-firmware
Muchrooms|Commons|https://nlnet.nl/project/Muchrooms
multisoni|Core|https://nlnet.nl/project/multisoni
MultitenantCAS|Commons|https://nlnet.nl/project/MultitenantCAS
Mustang-UX|Commons|https://nlnet.nl/project/Mustang-UX;https://nlnet.nl/project/Mustang-UI
MWOffliner|Core|https://nlnet.nl/project/MWOffliner
Mynij|Review|https://nlnet.nl/project/Mynij
Naja|Entrust;Commons|https://nlnet.nl/project/Naja;https://nlnet.nl/project/Naja-DNL;https://nlnet.nl/project/Naja-LEC-TimingModelEngine
Namecoin-ZeroNet|Review|https://nlnet.nl/project/Namecoin-ZeroNet;https://nlnet.nl/project/Namecoin-Electrum-NMC
NamecoinCore|Review|https://nlnet.nl/project/NamecoinCore
NaxRiscv|Entrust|https://nlnet.nl/project/NaxRiscv
NEFUSI|Review|https://nlnet.nl/project/NEFUSI
Netfilter-PacketClassification|Review|https://nlnet.nl/project/Netfilter-PacketClassification
Neuropil|Review|https://nlnet.nl/project/Neuropil
NextCloudSearch|Review|https://nlnet.nl/project/NextCloudSearch
NextGraphFramework|Commons|https://nlnet.nl/project/NextGraphFramework
nextpnr-GW-5|Core|https://nlnet.nl/project/nextpnr-GW-5
nftables-API|Entrust|https://nlnet.nl/project/nftables-API
Nitrokey|Entrust;Review;Commons|https://nlnet.nl/project/Nitrokey;https://nlnet.nl/project/Nitrokey-3;https://nlnet.nl/project/Nitrokey-Storage
Nitrokey3-FIDO-L2|Commons|https://nlnet.nl/project/Nitrokey3-FIDO-L2
Nitter|Entrust|https://nlnet.nl/project/Nitter
Nix package discovery|Core|https://nlnet.nl/project/Nix package discovery
NixBox|Core|https://nlnet.nl/project/NixBox
NixDebugAdaptor|Entrust|https://nlnet.nl/project/NixDebugAdaptor
nixpkgs-update|Review|https://nlnet.nl/project/nixpkgs-update
node-Tor|Review|https://nlnet.nl/project/node-Tor
NodeBB|Core;Commons|https://nlnet.nl/project/NodeBB;https://nlnet.nl/project/NodeBB-collections
Nominatim|Entrust;Review|https://nlnet.nl/project/Nominatim;https://nlnet.nl/project/Nominatim-lib
NoScript-surrogate|Commons|https://nlnet.nl/project/NoScript-surrogate
NoScriptABE-Quantum|Review|https://nlnet.nl/project/NoScriptABE-Quantum
ntpd-rs|Entrust;Commons|https://nlnet.nl/project/ntpd-rs;https://nlnet.nl/project/ntpd-rs-NTPv5
NymCredentials|Review|https://nlnet.nl/project/NymCredentials
Nyxt-Webextensions|Entrust|https://nlnet.nl/project/Nyxt-Webextensions
NyxtBrowser|Review|https://nlnet.nl/project/NyxtBrowser
NyxtUserhosted|Review|https://nlnet.nl/project/NyxtUserhosted
O-ESD|Core|https://nlnet.nl/project/O-ESD
OBI-Lite|Commons|https://nlnet.nl/project/OBI-Lite
OCaml-QUIC|Core|https://nlnet.nl/project/OCaml-QUIC;https://nlnet.nl/project/OCAML-directstyle
OCapN-DART|Commons|https://nlnet.nl/project/OCapN-DART;https://nlnet.nl/project/OCapN-federatedrelays
offen|Review|https://nlnet.nl/project/offen
OffenOne|Review|https://nlnet.nl/project/OffenOne
Oils|Entrust|https://nlnet.nl/project/Oils
OKH|Review|https://nlnet.nl/project/OKH
Oku|Entrust|https://nlnet.nl/project/Oku
Omnom|Core|https://nlnet.nl/project/Omnom;https://nlnet.nl/project/Omnom-ActivityPub
OnBaSca|Review|https://nlnet.nl/project/OnBaSca
Ontogen-Mud|Commons|https://nlnet.nl/project/Ontogen-Mud
OpaqueSphinx|Review|https://nlnet.nl/project/OpaqueSphinx
OpaqueSphinxServer|Review|https://nlnet.nl/project/OpaqueSphinxServer
OpenBSD-wifi-WPA3|Commons|https://nlnet.nl/project/OpenBSD-wifi-WPA3
OpenCarLink|Core|https://nlnet.nl/project/OpenCarLink
OpenCartoCam|Commons|https://nlnet.nl/project/OpenCartoCam
OpenCloudMesh|Core|https://nlnet.nl/project/OpenCloudMesh
openCologne|Entrust;Commons|https://nlnet.nl/project/openCologne;https://nlnet.nl/project/OpenCologne-PCIe
OpenDRTM|Review|https://nlnet.nl/project/OpenDRTM
OpenEMSH|Core|https://nlnet.nl/project/OpenEMSH
OpenEnergyProfiler|Entrust|https://nlnet.nl/project/OpenEnergyProfiler
openEngiadina|Review|https://nlnet.nl/project/openEngiadina
OpenEPT|Commons|https://nlnet.nl/project/OpenEPT
OpenEverythingFacts|Commons|https://nlnet.nl/project/OpenEverythingFacts
Openfire-IPv6|Core|https://nlnet.nl/project/Openfire-IPv6;https://nlnet.nl/project/Openfire-Connectivity
OpenFlexure|Commons|https://nlnet.nl/project/OpenFlexure
OpenFoodFacts|Review|https://nlnet.nl/project/OpenFoodFacts
OpenHarbors|Core|https://nlnet.nl/project/OpenHarbors
OpenHospitalityNetwork|Review|https://nlnet.nl/project/OpenHospitalityNetwork
OpenKi|Review;Commons|https://nlnet.nl/project/OpenKi;https://nlnet.nl/project/Openki-Roles
OpenLogic|Commons|https://nlnet.nl/project/OpenLogic
openPCIe2-RootComplex|Core|https://nlnet.nl/project/openPCIe2-RootComplex
OpenPGP-CA|Review|https://nlnet.nl/project/OpenPGP-CA
OpenPrices|Commons|https://nlnet.nl/project/OpenPrices
OpenStreetMap-NG|Commons|https://nlnet.nl/project/OpenStreetMap-NG
OpenVoiceOS|Commons|https://nlnet.nl/project/OpenVoiceOS
OpenWebCalendar|Core|https://nlnet.nl/project/OpenWebCalendar
OpenWifi-80211n|Review;Core|https://nlnet.nl/project/OpenWifi-80211n;https://nlnet.nl/project/OpenWifi-maturity
openXC7|Review;Entrust|https://nlnet.nl/project/openXC7;https://nlnet.nl/project/openXC7-S-SATA
Ordie|Entrust|https://nlnet.nl/project/Ordie
OrganicMaps|Entrust;Core|https://nlnet.nl/project/OrganicMaps;https://nlnet.nl/project/OrganicMaps-bookmarks;https://nlnet.nl/project/OrganicMaps-ConvergentUI
OSF-crawler-support|Review|https://nlnet.nl/project/OSF-crawler-support
OSH-everywhere|Commons|https://nlnet.nl/project/OSH-everywhere
OSM-SpeedLimits|Review|https://nlnet.nl/project/OSM-SpeedLimits
OTR4|Review|https://nlnet.nl/project/OTR4
Outreach NGI0 Core|Review;Commons;Core;Entrust|https://nlnet.nl/project/Outreach NGI0 Core;https://nlnet.nl/project/Outreach NGI0 Commons;https://nlnet.nl/project/Outreach NGI0 Entrust;https://nlnet.nl/project/Outreach NGI0 Review
Overte|Core;Entrust|https://nlnet.nl/project/Overte;https://nlnet.nl/project/Overte-visualscripting
OVT13|Entrust|https://nlnet.nl/project/OVT13
OWASP-dep-scan|Core|https://nlnet.nl/project/OWASP-dep-scan
OWI|Commons;Core|https://nlnet.nl/project/OWI;https://nlnet.nl/project/OWI-2
Owncast|Review|https://nlnet.nl/project/Owncast
P2P-channels|Commons|https://nlnet.nl/project/P2P-channels
P2Panda-groups|Entrust;Commons|https://nlnet.nl/project/P2Panda-groups;https://nlnet.nl/project/p2panda-systemservice
P2Pcollab|Entrust|https://nlnet.nl/project/P2Pcollab
p3pch4t|Core|https://nlnet.nl/project/p3pch4t
PagedJS|Commons|https://nlnet.nl/project/PagedJS
Panoramax|Commons|https://nlnet.nl/project/Panoramax
Parley|Commons|https://nlnet.nl/project/Parley;https://nlnet.nl/project/Parley-copypaste
PassthroughAuthentication|Entrust|https://nlnet.nl/project/PassthroughAuthentication
Patchouli|Core|https://nlnet.nl/project/Patchouli
pcb-rnd|Review|https://nlnet.nl/project/pcb-rnd
PCIe-DMA-DDR3-accelerator|Commons|https://nlnet.nl/project/PCIe-DMA-DDR3-accelerator
PdfDing|Commons|https://nlnet.nl/project/PdfDing
PeARS|Review|https://nlnet.nl/project/PeARS
PeerDB|Review|https://nlnet.nl/project/PeerDB
Peermaps|Review|https://nlnet.nl/project/Peermaps
PeerTube|Entrust;Review;Commons|https://nlnet.nl/project/PeerTube;https://nlnet.nl/project/PeerTube-for-Institutions;https://nlnet.nl/project/Peertube-Livechat;https://nlnet.nl/project/PeerTube-Livechat-UX;https://nlnet.nl/project/PeerTube-mobile;https://nlnet.nl/project/Peertube-Transcode
PeerTubeDesktop|Review|https://nlnet.nl/project/PeerTubeDesktop
PeerTubeSearch|Review|https://nlnet.nl/project/PeerTubeSearch
Persistent-Yrs|Commons|https://nlnet.nl/project/Persistent-Yrs
Personal-3D-archive|Entrust|https://nlnet.nl/project/Personal-3D-archive
Perspectives|Review|https://nlnet.nl/project/Perspectives
PGP4civiCRM|Review|https://nlnet.nl/project/PGP4civiCRM
Phosh-GTK4|Core;Commons|https://nlnet.nl/project/Phosh-GTK4;https://nlnet.nl/project/Phosh-Notch
Pijul|Core|https://nlnet.nl/project/Pijul;https://nlnet.nl/project/Pijul-Hybrid
Pimalaya|Entrust;Core|https://nlnet.nl/project/Pimalaya;https://nlnet.nl/project/Pimalaya-PIM
Pinbot|Commons|https://nlnet.nl/project/Pinbot
PION-DTLS1.3|Commons|https://nlnet.nl/project/PION-DTLS1.3
PixelDroid|Review;Entrust|https://nlnet.nl/project/PixelDroid;https://nlnet.nl/project/PixelDroid-MediaEditor
Pixelfed|Entrust;Review|https://nlnet.nl/project/Pixelfed;https://nlnet.nl/project/Pixelfed-Groups
PixelFedLive|Review|https://nlnet.nl/project/PixelFedLive
Plaudit|Review|https://nlnet.nl/project/Plaudit
PLC4J-security|Commons|https://nlnet.nl/project/PLC4J-security
PLC4X-adapters|Review|https://nlnet.nl/project/PLC4X-adapters
Pleroma|Core|https://nlnet.nl/project/Pleroma
pmOS-23-24|Core;Commons|https://nlnet.nl/project/pmOS-23-24;https://nlnet.nl/project/pmOS-25-26
Pnut|Commons|https://nlnet.nl/project/Pnut
Podlibre|Commons|https://nlnet.nl/project/Podlibre
PodOS|Commons|https://nlnet.nl/project/PodOS
PoliFLW|Review|https://nlnet.nl/project/PoliFLW
Polyglot-jaq|Commons|https://nlnet.nl/project/Polyglot-jaq
Pomme-dAPI|Commons|https://nlnet.nl/project/Pomme-dAPI
postmarketOS|Review;Core|https://nlnet.nl/project/postmarketOS;https://nlnet.nl/project/postmarketOS-daemons
PowerDNS-DNSdist|Review|https://nlnet.nl/project/PowerDNS-DNSdist
ppdt|Review|https://nlnet.nl/project/ppdt
PQ-DNSSEC-Testbench|Review|https://nlnet.nl/project/PQ-DNSSEC-Testbench
Pre-Scheme|Core|https://nlnet.nl/project/Pre-Scheme
PRESC|Review|https://nlnet.nl/project/PRESC
Pretalx|Entrust|https://nlnet.nl/project/Pretalx
PrivateRecSys|Review|https://nlnet.nl/project/PrivateRecSys
PrivateSearx|Review|https://nlnet.nl/project/PrivateSearx
prjunnamed|Commons|https://nlnet.nl/project/prjunnamed
ProbabilisticNAT|Review|https://nlnet.nl/project/ProbabilisticNAT
Project management NGI0 Commons|Commons|https://nlnet.nl/project/Project management NGI0 Commons
Protomaps|Core|https://nlnet.nl/project/Protomaps
proximity_matcher_webservice|Review|https://nlnet.nl/project/proximity_matcher_webservice
PTP-timingcard-gateware|Entrust|https://nlnet.nl/project/PTP-timingcard-gateware
PTT|Core|https://nlnet.nl/project/PTT
purl2all|Entrust|https://nlnet.nl/project/purl2all
purl2sym|Entrust|https://nlnet.nl/project/purl2sym
purl2yara|Commons|https://nlnet.nl/project/purl2yara
purlvalidator|Commons|https://nlnet.nl/project/purlvalidator
Py2HWSW|Core|https://nlnet.nl/project/Py2HWSW
Py3DTiles - Textured Mesh tiling|Core|https://nlnet.nl/project/Py3DTiles - Textured Mesh tiling
PyCM-API|Commons|https://nlnet.nl/project/PyCM-API
PythonicSlint|Entrust|https://nlnet.nl/project/PythonicSlint
QBE-32-bit-ARM-support|Commons|https://nlnet.nl/project/QBE-32-bit-ARM-support
Qemu-Camera|Core|https://nlnet.nl/project/Qemu-Camera
QLever-similarity||https://nlnet.nl/project/QLever-similarity
Qryptr|Commons|https://nlnet.nl/project/Qryptr
QubesAccessible|Review|https://nlnet.nl/project/QubesAccessible
R5N-DHT|Review|https://nlnet.nl/project/R5N-DHT
RA-Sentinel|Entrust;Commons|https://nlnet.nl/project/RA-Sentinel;https://nlnet.nl/project/RA-Sentinel-directional;https://nlnet.nl/project/RA-Sentinel-liberation
RADIUSdesk-Multiwan|Entrust|https://nlnet.nl/project/RADIUSdesk-Multiwan
RAIJIN|Entrust|https://nlnet.nl/project/RAIJIN
RaptorLakeDesktop|Entrust|https://nlnet.nl/project/RaptorLakeDesktop
Rattler-Python|Entrust|https://nlnet.nl/project/Rattler-Python
Rauthy|Core|https://nlnet.nl/project/Rauthy
raylib|Commons|https://nlnet.nl/project/raylib
Re-iSearch|Commons;Review|https://nlnet.nl/project/Re-iSearch;https://nlnet.nl/project/Re-Isearch-Vector
Reach|Commons|https://nlnet.nl/project/Reach
Reaction|Core|https://nlnet.nl/project/Reaction
RealTime-Litex|Core|https://nlnet.nl/project/RealTime-Litex
RedoxFlowBattery|Entrust|https://nlnet.nl/project/RedoxFlowBattery
RedoxOS-Signals|Core;Commons|https://nlnet.nl/project/RedoxOS-Signals;https://nlnet.nl/project/RedoxOS-ringbuffer
Redwax-PKI|Review;Commons|https://nlnet.nl/project/Redwax-PKI;https://nlnet.nl/project/Redwax-SCEP-LDAP
Renderling|Core;Commons|https://nlnet.nl/project/Renderling;https://nlnet.nl/project/Renderling-Ecosystem
Reowolf|Review|https://nlnet.nl/project/Reowolf
ReOxide|Entrust|https://nlnet.nl/project/ReOxide
RepathStudio|Commons|https://nlnet.nl/project/RepathStudio
Replicant-graphics|Review;Entrust|https://nlnet.nl/project/Replicant-graphics;https://nlnet.nl/project/Replicant-Pinephone
ReplicantUpdate|Review|https://nlnet.nl/project/ReplicantUpdate
Reproducible-NetBSD|Entrust;Core|https://nlnet.nl/project/Reproducible-NetBSD;https://nlnet.nl/project/Reproducible-F-Droid;https://nlnet.nl/project/Reproducible-openSUSE
ReproducibleSBT|Commons|https://nlnet.nl/project/ReproducibleSBT
reqwest|Core|https://nlnet.nl/project/reqwest
RETETRA3|Entrust|https://nlnet.nl/project/RETETRA3
Reticulum|Core|https://nlnet.nl/project/Reticulum
RFPF|Commons|https://nlnet.nl/project/RFPF
Rico|Review;Commons|https://nlnet.nl/project/Rico;https://nlnet.nl/project/Rico-UX
Ringdove|Entrust|https://nlnet.nl/project/Ringdove
Ripple|Review|https://nlnet.nl/project/Ripple
RISC-V-Phone|Review|https://nlnet.nl/project/RISC-V-Phone
RIVET|Commons|https://nlnet.nl/project/RIVET
RNPConfium|Review|https://nlnet.nl/project/RNPConfium
Robotnix|Review|https://nlnet.nl/project/Robotnix
Rockchip-NPU-driver|Core|https://nlnet.nl/project/Rockchip-NPU-driver
Rosenpass|Review;Core|https://nlnet.nl/project/Rosenpass;https://nlnet.nl/project/Rosenpass-API;https://nlnet.nl/project/Rosenpass-integration
Rotonda|Entrust|https://nlnet.nl/project/Rotonda
RPC-framework|Commons|https://nlnet.nl/project/RPC-framework
rPGP-cryptorefresh|Core|https://nlnet.nl/project/rPGP-cryptorefresh
rrdnsd|Core|https://nlnet.nl/project/rrdnsd
RSA-PQ-BlindSignatures|Entrust|https://nlnet.nl/project/RSA-PQ-BlindSignatures
rust-query|Commons|https://nlnet.nl/project/rust-query
RustedPlatformModule|Commons|https://nlnet.nl/project/RustedPlatformModule
RustThreadpool|Review|https://nlnet.nl/project/RustThreadpool
Sailfish-FOSS-audit|Core|https://nlnet.nl/project/Sailfish-FOSS-audit
SANE-OCR|Review|https://nlnet.nl/project/SANE-OCR
SASL-XMSS|Review|https://nlnet.nl/project/SASL-XMSS
SASLworks|Review|https://nlnet.nl/project/SASLworks
SaxonSoc|Review|https://nlnet.nl/project/SaxonSoc
scalePNR|Entrust|https://nlnet.nl/project/scalePNR
schc-rs|Commons|https://nlnet.nl/project/schc-rs
ScientificResults|Review|https://nlnet.nl/project/ScientificResults
Sciety-ActivityPub|Commons|https://nlnet.nl/project/Sciety-ActivityPub
SCION-1M|Core;Review;Entrust|https://nlnet.nl/project/SCION-1M;https://nlnet.nl/project/SCION-geo;https://nlnet.nl/project/SCION-IPFS;https://nlnet.nl/project/SCION-proxy;https://nlnet.nl/project/SCION-Rains;https://nlnet.nl/project/SCION-router-codealignment;https://nlnet.nl/project/SCION-Swarm
SDCC|Entrust;Commons|https://nlnet.nl/project/SDCC;https://nlnet.nl/project/SDCC-C23
searchanddisplace|Review|https://nlnet.nl/project/searchanddisplace
SearXR|Review|https://nlnet.nl/project/SearXR
SearxRelease|Review|https://nlnet.nl/project/SearxRelease
SecurEAP|Commons|https://nlnet.nl/project/SecurEAP
SecureWebTokens|Core|https://nlnet.nl/project/SecureWebTokens
Seedvault|Entrust;Review|https://nlnet.nl/project/Seedvault;https://nlnet.nl/project/SeedVault-Integrity
seL4-64bitVMM|Review|https://nlnet.nl/project/seL4-64bitVMM
SelfPrivacy|Entrust|https://nlnet.nl/project/SelfPrivacy
Selva|Review|https://nlnet.nl/project/Selva
SensifAI|Review|https://nlnet.nl/project/SensifAI
Seppo|Entrust|https://nlnet.nl/project/Seppo
Sequoia-PQC|Commons|https://nlnet.nl/project/Sequoia-PQC
ServerlessXMPP|Commons|https://nlnet.nl/project/ServerlessXMPP
Servfail|Commons|https://nlnet.nl/project/Servfail
Servo|Core;Entrust;Review;Commons|https://nlnet.nl/project/Servo;https://nlnet.nl/project/Servo-Benchmark;https://nlnet.nl/project/Servo-CSS;https://nlnet.nl/project/Servo-DX;https://nlnet.nl/project/Servo-Editability;https://nlnet.nl/project/Servo-Multibrowsing;https://nlnet.nl/project/Servo-Multiprocess;https://nlnet.nl/project/Servo-Script;https://nlnet.nl/project/Servo-ServiceWorker-WebAPI
SiCl4|Entrust|https://nlnet.nl/project/SiCl4
sigmaprotocols|Entrust|https://nlnet.nl/project/sigmaprotocols
SignaturePDF-UX|Commons|https://nlnet.nl/project/SignaturePDF-UX
SiliconVerification|Entrust|https://nlnet.nl/project/SiliconVerification
Simmel|Review|https://nlnet.nl/project/Simmel
SimpleX-relay|Commons|https://nlnet.nl/project/SimpleX-relay
SIP-RELOAD|Entrust|https://nlnet.nl/project/SIP-RELOAD
Slint-FunctionalSafety|Entrust|https://nlnet.nl/project/Slint-FunctionalSafety
SlintAndroid|Core|https://nlnet.nl/project/SlintAndroid
Slintify-LibrePCB|Commons|https://nlnet.nl/project/Slintify-LibrePCB
SlintiOS|Core|https://nlnet.nl/project/SlintiOS
Slips-Immune|Commons|https://nlnet.nl/project/Slips-Immune
Slipshow|Commons|https://nlnet.nl/project/Slipshow
SmartSemanticDataLookup|Commons|https://nlnet.nl/project/SmartSemanticDataLookup
SMS-CB|Entrust|https://nlnet.nl/project/SMS-CB
Sniffnet|Commons|https://nlnet.nl/project/Sniffnet;https://nlnet.nl/project/Sniffnet-remote
SocksTrace|Core|https://nlnet.nl/project/SocksTrace
SoftwareHeritage|Review|https://nlnet.nl/project/SoftwareHeritage
Solar-FemtoTX|Commons|https://nlnet.nl/project/Solar-FemtoTX
Solid-NC|Review;Core;Commons|https://nlnet.nl/project/Solid-NC;https://nlnet.nl/project/Solid-FedCM;https://nlnet.nl/project/Solid-Interop;https://nlnet.nl/project/Solid-NextCloud;https://nlnet.nl/project/Solid-Search
SolidCompound|Entrust|https://nlnet.nl/project/SolidCompound
SolidControl|Review|https://nlnet.nl/project/SolidControl
SolidDataModules|Entrust|https://nlnet.nl/project/SolidDataModules
SOLIDdataworkers|Review|https://nlnet.nl/project/SOLIDdataworkers
SolidInterop2|Review|https://nlnet.nl/project/SolidInterop2
SolidInterop3|Entrust|https://nlnet.nl/project/SolidInterop3
SolidInterop4|Review|https://nlnet.nl/project/SolidInterop4
SolidOS|Commons|https://nlnet.nl/project/SolidOS
Solidtime|Commons|https://nlnet.nl/project/Solidtime
SolidUsableApps|Entrust|https://nlnet.nl/project/SolidUsableApps
SolidWallet|Review|https://nlnet.nl/project/SolidWallet
Sonar|Review|https://nlnet.nl/project/Sonar
Sortix|Commons|https://nlnet.nl/project/Sortix
SourcehutGraphQL|Review|https://nlnet.nl/project/SourcehutGraphQL
SpaceTube|Entrust|https://nlnet.nl/project/SpaceTube
Spacylyze|Commons|https://nlnet.nl/project/Spacylyze
Spade|Core|https://nlnet.nl/project/Spade
Spectrum|Review;Entrust;Commons|https://nlnet.nl/project/Spectrum;https://nlnet.nl/project/Spectrum-Applications;https://nlnet.nl/project/Spectrum-virt
Spritely|Review|https://nlnet.nl/project/Spritely;https://nlnet.nl/project/Spritely-Petnames
SpritelyOaken|Core|https://nlnet.nl/project/SpritelyOaken
SpritelyOCapN|Review|https://nlnet.nl/project/SpritelyOCapN
Squishy|Entrust|https://nlnet.nl/project/Squishy
SSH-Stamp|Commons|https://nlnet.nl/project/SSH-Stamp
SSTorytime|Commons|https://nlnet.nl/project/SSTorytime
stage0-posix|Entrust|https://nlnet.nl/project/stage0-posix
Stalwart|Core;Entrust|https://nlnet.nl/project/Stalwart;https://nlnet.nl/project/Stalwart-Collaboration
Standalone-SSM|Core|https://nlnet.nl/project/Standalone-SSM
StandardsGrammarCatalog|Core|https://nlnet.nl/project/StandardsGrammarCatalog
Stencila|Core|https://nlnet.nl/project/Stencila
Stract|Entrust|https://nlnet.nl/project/Stract
StreetComplete|Review;Entrust;Commons|https://nlnet.nl/project/StreetComplete;https://nlnet.nl/project/StreetComplete-ATP;https://nlnet.nl/project/StreetComplete-multiplatform;https://nlnet.nl/project/StreetComplete-Together
StreetCompleteUX|Review|https://nlnet.nl/project/StreetCompleteUX
StructuredEmail|Core|https://nlnet.nl/project/StructuredEmail
sudo-rs|Core|https://nlnet.nl/project/sudo-rs
Suhosin-NG|Review|https://nlnet.nl/project/Suhosin-NG
Surfer|Core|https://nlnet.nl/project/Surfer
SWH-Retrieval|Entrust;Review|https://nlnet.nl/project/SWH-Retrieval;https://nlnet.nl/project/SWH-Enhancements;https://nlnet.nl/project/SWH-PackageManagers
SylkChat|Review|https://nlnet.nl/project/SylkChat
SylkClient|Review|https://nlnet.nl/project/SylkClient
SylkContact|Commons|https://nlnet.nl/project/SylkContact
SylkMobile|Review|https://nlnet.nl/project/SylkMobile
T-Rust|Commons|https://nlnet.nl/project/T-Rust
Taler-iOS-wallet|Entrust|https://nlnet.nl/project/Taler-iOS-wallet
Tau|Core|https://nlnet.nl/project/Tau
TBD-DSP-Toolkit|Commons|https://nlnet.nl/project/TBD-DSP-Toolkit
TerosHDL|Review;Entrust;Commons|https://nlnet.nl/project/TerosHDL;https://nlnet.nl/project/TerosHDL-UX;https://nlnet.nl/project/TerosHDL-Yosys-GHDL-NVC
TETRA-crypto|Review|https://nlnet.nl/project/TETRA-crypto
Threadiverse-ReproducibleDeployment|Core|https://nlnet.nl/project/Threadiverse-ReproducibleDeployment
ThresholdOPRF|Entrust|https://nlnet.nl/project/ThresholdOPRF
Tiliqua|Commons|https://nlnet.nl/project/Tiliqua
TinSnipe-DAQ|Commons|https://nlnet.nl/project/TinSnipe-DAQ
TISG|Entrust|https://nlnet.nl/project/TISG
Titanic|Core|https://nlnet.nl/project/Titanic
TLS-KDH-mbed|Core;Review|https://nlnet.nl/project/TLS-KDH-mbed;https://nlnet.nl/project/TLS-Client-PoW
Topola|Entrust|https://nlnet.nl/project/Topola
Torch-LensMaker|Commons|https://nlnet.nl/project/Torch-LensMaker
TorPaddingMachines|Review|https://nlnet.nl/project/TorPaddingMachines
TOSDR-OTA|Entrust|https://nlnet.nl/project/TOSDR-OTA
TouchUp|Commons|https://nlnet.nl/project/TouchUp
TrackingWeasel|Entrust|https://nlnet.nl/project/TrackingWeasel
TrenchBoot-AMD|Core;Entrust;Commons|https://nlnet.nl/project/TrenchBoot-AMD;https://nlnet.nl/project/Trenchboot-AEM;https://nlnet.nl/project/TrenchBoot-AEM-UEFI;https://nlnet.nl/project/Trenchboot-DRTM-launch
Trustix|Review|https://nlnet.nl/project/Trustix
TSCH-rs|Core|https://nlnet.nl/project/TSCH-rs
tslib|Core|https://nlnet.nl/project/tslib
TUBS|Commons|https://nlnet.nl/project/TUBS
Tvix-Store_Builder|Core|https://nlnet.nl/project/Tvix-Store_Builder
Typst-HTML|Core;Commons|https://nlnet.nl/project/Typst-HTML;https://nlnet.nl/project/Typst-Accessibility
uberClock|Core|https://nlnet.nl/project/uberClock
UberDDR3|Entrust|https://nlnet.nl/project/UberDDR3
UberDDR4|Commons|https://nlnet.nl/project/UberDDR4
uberWAVE|Commons|https://nlnet.nl/project/uberWAVE
UEFICapsuleAdvUpdate|Commons|https://nlnet.nl/project/UEFICapsuleAdvUpdate
UEFICapsuleUpdate|Entrust|https://nlnet.nl/project/UEFICapsuleUpdate
uFork|Core;Entrust|https://nlnet.nl/project/uFork;https://nlnet.nl/project/uFork-FPGA
ULX3M|Review|https://nlnet.nl/project/ULX3M
uMap|Entrust|https://nlnet.nl/project/uMap
uMapVectorTiles|Commons|https://nlnet.nl/project/uMapVectorTiles
Unbinare-RET|Entrust|https://nlnet.nl/project/Unbinare-RET
UnifiedPush|Core|https://nlnet.nl/project/UnifiedPush
Universal-EInk|Commons|https://nlnet.nl/project/Universal-EInk
UniversalDID|Review|https://nlnet.nl/project/UniversalDID
URL-Frontier-2|Review|https://nlnet.nl/project/URL-Frontier-2
URLFrontier|Review|https://nlnet.nl/project/URLFrontier
ValOS-crypto|Review|https://nlnet.nl/project/ValOS-crypto
VariationGraph|Review|https://nlnet.nl/project/VariationGraph
vdirsyncer|Entrust|https://nlnet.nl/project/vdirsyncer
Verified-SCION-router|Core|https://nlnet.nl/project/Verified-SCION-router
VerifPal|Review|https://nlnet.nl/project/VerifPal;https://nlnet.nl/project/VerifPal-Proven
Verilog-A-distiller|Commons|https://nlnet.nl/project/Verilog-A-distiller
VersaTiles|Commons|https://nlnet.nl/project/VersaTiles
Versio-WebView|Core|https://nlnet.nl/project/Versio-WebView
Verso|Core;Review|https://nlnet.nl/project/Verso;https://nlnet.nl/project/Verso-Profile;https://nlnet.nl/project/Verso-Views
VexiiRiscv|Core|https://nlnet.nl/project/VexiiRiscv
Vframe|Review|https://nlnet.nl/project/Vframe
VideoBox|Review|https://nlnet.nl/project/VideoBox
VideoChatPrivacy|Review|https://nlnet.nl/project/VideoChatPrivacy
vita-cloud|Review|https://nlnet.nl/project/vita-cloud
Vivliostyle|Commons|https://nlnet.nl/project/Vivliostyle
vm-builder|Core|https://nlnet.nl/project/vm-builder
VoLTE-Qualcom|Core|https://nlnet.nl/project/VoLTE-Qualcom
Vouivre|Core|https://nlnet.nl/project/Vouivre
Vula|Review;Entrust;Commons|https://nlnet.nl/project/Vula;https://nlnet.nl/project/Vula-Guardrail;https://nlnet.nl/project/Vula-IPV6-Reunion
vulnerabilitydatabase|Review|https://nlnet.nl/project/vulnerabilitydatabase
VulnerableCode|Core;Review|https://nlnet.nl/project/VulnerableCode;https://nlnet.nl/project/VulnerableCode-enhancements
Waasabi|Review|https://nlnet.nl/project/Waasabi
Wagtail|Commons|https://nlnet.nl/project/Wagtail
Waterfall|Commons|https://nlnet.nl/project/Waterfall
Wax|Core|https://nlnet.nl/project/Wax
Waydroid-linuxmobile|Core|https://nlnet.nl/project/Waydroid-linuxmobile
WaylandInput|Core|https://nlnet.nl/project/WaylandInput
wcoord|Commons|https://nlnet.nl/project/wcoord
Weasyprint|Core|https://nlnet.nl/project/Weasyprint
WebAnnotation|Review|https://nlnet.nl/project/WebAnnotation
Weblate|Core|https://nlnet.nl/project/Weblate
Webshell|Review|https://nlnet.nl/project/Webshell
WebXDC|Core;Entrust|https://nlnet.nl/project/WebXDC;https://nlnet.nl/project/Webxdc-Evolve;https://nlnet.nl/project/WebXDC-Push;https://nlnet.nl/project/WebXDC-XMPP
WebXRay|Review|https://nlnet.nl/project/WebXRay
Whippet|Core|https://nlnet.nl/project/Whippet
Whisperfish|Entrust|https://nlnet.nl/project/Whisperfish
WikiActivityPub|Review|https://nlnet.nl/project/WikiActivityPub
WikirateInsights|Review|https://nlnet.nl/project/WikirateInsights
WikirateInsights2|Review|https://nlnet.nl/project/WikirateInsights2
Wiktionary-QA|Commons|https://nlnet.nl/project/Wiktionary-QA
WillowSync|Core|https://nlnet.nl/project/WillowSync
Wireguard-Rust|Entrust;Review|https://nlnet.nl/project/Wireguard-Rust;https://nlnet.nl/project/wireguard-scaleup;https://nlnet.nl/project/WireGuard-SpinalHDL;https://nlnet.nl/project/WireGuard-upscale
WireGuardonWindows|Review|https://nlnet.nl/project/WireGuardonWindows
WishboneStreaming|Review|https://nlnet.nl/project/WishboneStreaming
WobbleWeb|Core|https://nlnet.nl/project/WobbleWeb
Wolvic|Entrust|https://nlnet.nl/project/Wolvic;https://nlnet.nl/project/Wolvic-UI
Wordpress-ActivityPub|Review;Entrust|https://nlnet.nl/project/Wordpress-ActivityPub;https://nlnet.nl/project/WordPress-EventFederation
WP-ActivityPub-polls|Commons|https://nlnet.nl/project/WP-ActivityPub-polls
WPE-Android|Core|https://nlnet.nl/project/WPE-Android
WSDR|Commons|https://nlnet.nl/project/WSDR
XMPP-MLS|Core|https://nlnet.nl/project/XMPP-MLS;https://nlnet.nl/project/XMPP-interop-conformance
XR-Teamware|Entrust;Commons|https://nlnet.nl/project/XR-Teamware;https://nlnet.nl/project/XR-Fragments
xrsh|Entrust|https://nlnet.nl/project/xrsh
XWikiActivityPub|Review|https://nlnet.nl/project/XWikiActivityPub
YacyGrid|Review|https://nlnet.nl/project/YacyGrid
Yivi-AgeVerification|Commons|https://nlnet.nl/project/Yivi-AgeVerification
Yrs-WeakLinks|Entrust|https://nlnet.nl/project/Yrs-WeakLinks
ZeroAllocation-webserver|Core|https://nlnet.nl/project/ZeroAllocation-webserver
ZerophoneNext|Core|https://nlnet.nl/project/ZerophoneNext
Zilch|Core|https://nlnet.nl/project/Zilch
ZipLinting|Core|https://nlnet.nl/project/ZipLinting
Zosimos|Commons|https://nlnet.nl/project/Zosimos
ZSipOs|Review|https://nlnet.nl/project/ZSipOs
ZSWatch|Commons|https://nlnet.nl/project/ZSWatch
